TK_Name,TK_No.,Tester
TECH:NAME,134,"{'type': 'SDK', 'name': 'Tobii'}"
TECH:NAME,135,"{'type': 'SDK', 'name': 'Steam_Networking'}"
TECH:NAME,136,"{'type': 'SDK', 'name': 'Steam_Audio'}"
TECH:NAME,137,"{'type': 'SDK', 'name': 'SDL'}"
TECH:NAME,138,"{'type': 'SDK', 'name': 'Qt'}"
TECH:NAME,139,"{'type': 'SDK', 'name': 'NodeJS'}"
TECH:NAME,140,"{'type': 'SDK', 'name': 'NVIDIA_PhysX'}"
TECH:NAME,141,"{'type': 'SDK', 'name': 'NVIDIA_Nsight_Aftermath'}"
TECH:NAME,142,"{'type': 'SDK', 'name': 'NVIDIA_DLSS'}"
TECH:NAME,143,"{'type': 'SDK', 'name': 'NVIDIA_Ansel'}"
TECH:NAME,144,"{'type': 'SDK', 'name': 'FMOD'}"
TECH:NAME,145,"{'type': 'SDK', 'name': 'EpicOnlineServices'}"
TECH:NAME,146,"{'type': 'SDK', 'name': 'Discord'}"
TECH:NAME,147,"{'type': 'SDK', 'name': 'AMD_GPU_Services'}"
TECH:NAME,148,"{'type': 'Engine', 'name': 'idTech6'}"
TECH:NAME,149,"{'type': 'Engine', 'name': 'idTech5'}"
TECH:NAME,150,"{'type': 'Engine', 'name': 'idTech4'}"
TECH:NAME,151,"{'type': 'Engine', 'name': 'idTech3'}"
TECH:NAME,152,"{'type': 'Engine', 'name': 'idTech2'}"
TECH:NAME,153,"{'type': 'Engine', 'name': 'idTech1'}"
TECH:NAME,154,"{'type': 'Engine', 'name': 'idTech0'}"
TECH:NAME,155,"{'type': 'Engine', 'name': 'XNA'}"
TECH:NAME,156,"{'type': 'Engine', 'name': 'WolfRPGEditor'}"
TECH:NAME,157,"{'type': 'Engine', 'name': 'Wintermute'}"
TECH:NAME,158,"{'type': 'Engine', 'name': 'VisionaireStudio'}"
TECH:NAME,159,"{'type': 'Engine', 'name': 'Unreal'}"
TECH:NAME,160,"{'type': 'Engine', 'name': 'Unity'}"
TECH:NAME,161,"{'type': 'Engine', 'name': 'Source2'}"
TECH:NAME,162,"{'type': 'Engine', 'name': 'Source'}"
TECH:NAME,163,"{'type': 'Engine', 'name': 'Snowdrop'}"
TECH:NAME,164,"{'type': 'Engine', 'name': 'SCI'}"
TECH:NAME,165,"{'type': 'Engine', 'name': 'RenPy'}"
TECH:NAME,166,"{'type': 'Engine', 'name': 'RPGMaker'}"
TECH:NAME,167,"{'type': 'Engine', 'name': 'Quake'}"
TECH:NAME,168,"{'type': 'Engine', 'name': 'Prism3D'}"
TECH:NAME,169,"{'type': 'Engine', 'name': 'PlayFirstPlayground'}"
TECH:NAME,170,"{'type': 'Engine', 'name': 'Pico8'}"
TECH:NAME,171,"{'type': 'Engine', 'name': 'Phyre'}"
TECH:NAME,172,"{'type': 'Engine', 'name': 'MonoGame'}"
TECH:NAME,173,"{'type': 'Engine', 'name': 'Love2D'}"
TECH:NAME,174,"{'type': 'Engine', 'name': 'Lime_OR_OpenFL'}"
TECH:NAME,175,"{'type': 'Engine', 'name': 'KiriKiri'}"
TECH:NAME,176,"{'type': 'Engine', 'name': 'Heaps'}"
TECH:NAME,177,"{'type': 'Engine', 'name': 'HaemimontSol'}"
TECH:NAME,178,"{'type': 'Engine', 'name': 'GoldSource'}"
TECH:NAME,179,"{'type': 'Engine', 'name': 'Godot'}"
TECH:NAME,180,"{'type': 'Engine', 'name': 'GameMaker'}"
TECH:NAME,181,"{'type': 'Engine', 'name': 'Frostbite'}"
TECH:NAME,182,"{'type': 'Engine', 'name': 'FNA'}"
TECH:NAME,183,"{'type': 'Engine', 'name': 'Defold'}"
TECH:NAME,184,"{'type': 'Engine', 'name': 'CryEngine'}"
TECH:NAME,185,"{'type': 'Engine', 'name': 'Construct'}"
TECH:NAME,186,"{'type': 'Engine', 'name': 'ChromeEngine'}"
TECH:NAME,187,"{'type': 'Engine', 'name': 'Build'}"
TECH:NAME,188,"{'type': 'Engine', 'name': 'Aurora'}"
TECH:NAME,189,"{'type': 'Engine', 'name': 'AdventureGameStudio'}"
TECH:NAME,190,"{'type': 'Engine', 'name': 'AdobeFlash'}"
TECH:NAME,191,"{'type': 'Engine', 'name': 'AdobeAIR'}"
TECH:NAME,192,"{'type': 'Engine', 'name': 'AGI'}"
TECH:NAME,193,"{'type': 'Emulator', 'name': 'SCUMMVM'}"
TECH:NAME,194,"{'type': 'Emulator', 'name': 'DOSBOX'}"
TECH:NAME,195,"{'type': 'Container', 'name': 'Electron'}"
TECH:NAME,196,"{'type': 'AntiCheat', 'name': 'nProtect_GameGuard'}"
TECH:NAME,197,"{'type': 'AntiCheat', 'name': 'PunkBuster'}"
TECH:NAME,198,"{'type': 'AntiCheat', 'name': 'EasyAntiCheat'}"
TECH:NAME,199,"{'type': 'AntiCheat', 'name': 'BattlEye'}"
TECH:NAME,200,"{'type': 'SDK', 'name': 'CEF'}"
TECH:NAME,201,"{'type': 'Engine', 'name': 'idTech2_5'}"
TECH:NAME,202,"{'type': 'Engine', 'name': 'Unigine'}"
TECH:NAME,203,"{'type': 'Engine', 'name': 'Infinity'}"
TECH:NAME,204,"{'type': 'SDK', 'name': 'CRIWARE'}"
TECH:NAME,205,"{'type': 'SDK', 'name': 'Azure_Playfab_Party'}"
TECH:NAME,206,"{'type': 'SDK', 'name': 'Adobe_Flash'}"
TECH:NAME,207,"{'type': 'Engine', 'name': 'idTech7'}"
TECH:NAME,208,"{'type': 'Engine', 'name': 'UPBGE'}"
TECH:NAME,209,"{'type': 'Engine', 'name': 'Adobe_AIR'}"
TECH:NAME,210,"{'type': 'SDK', 'name': 'Unknown'}"
TECH:NAME,211,"{'type': 'Engine', 'name': 'Unknown'}"
TECH:NAME,212,"{'type': 'Emulator', 'name': 'Unknown'}"
TECH:NAME,213,"{'type': 'Container', 'name': 'Unknown'}"
TECH:NAME,214,"{'type': 'AntiCheat', 'name': 'Unknown'}"
TECH:NAME,215,"{'type': 'SDK', 'name': 'OpenVR'}"
TECH:NAME,216,"{'type': 'Engine', 'name': 'RAGE'}"
TECH:NAME,217,"{'type': 'Engine', 'name': 'OGRE'}"
TECH:NAME,218,"{'type': 'Engine', 'name': 'Marmalade'}"
TECH:NAME,219,"{'type': 'Engine', 'name': 'Flexi'}"
TECH:NAME,220,"{'type': 'Engine', 'name': 'Bitsquid'}"
TECH:NAME,221,"{'type': 'SDK', 'name': 'Bink_Video'}"
TECH:NAME,222,"{'type': 'Engine', 'name': 'Virtools'}"
TECH:NAME,223,"{'type': 'Engine', 'name': 'Solar2D'}"
TECH:NAME,224,"{'type': 'Engine', 'name': 'HashLink'}"
TECH:NAME,225,"{'type': 'Engine', 'name': 'Cocos2d'}"
TECH:NAME,226,"{'type': 'Engine', 'name': 'TelltaleTool'}"
TECH:NAME,227,"{'type': 'SDK', 'name': 'Wwise'}"
TECH:NAME,228,"{'type': 'SDK', 'name': 'UnityHDRP'}"
TECH:NAME,229,"{'type': 'SDK', 'name': 'OpenAL'}"
TECH:NAME,230,"{'type': 'Engine', 'name': 'Torque'}"
TECH:NAME,231,"{'type': 'Engine', 'name': 'Kex'}"
TECH:NAME,232,"{'type': 'Engine', 'name': 'BlenderGameEngine'}"
TECH:NAME,233,"{'type': 'SDK', 'name': 'UnityURP'}"
TECH:NAME,234,"{'type': 'AntiCheat', 'name': 'XIGNCODE3'}"
TECH:NAME,235,"{'type': 'AntiCheat', 'name': 'EQU8'}"
TECH:NAME,236,"{'type': 'SDK', 'name': 'JVM'}"
TECH:NAME,237,"{'type': 'Engine', 'name': 'Clausewitz'}"
TECH:NAME,238,"{'type': 'SDK', 'name': 'Photon'}"
TECH:NAME,239,"{'type': 'SDK', 'name': 'SteamworksNET'}"
TECH:NAME,240,"{'type': 'Engine', 'name': 'Danmakufu'}"
